{"model_loss": 0.4587724506855011, "model_accuracy": 0.7914438247680664, "training_history": {"accuracy": [0.2873949706554413, 0.30924370884895325, 0.30924370884895325, 0.3478991687297821, 0.3462184965610504, 0.40336135029792786, 0.4117647111415863, 0.4420168101787567, 0.45042017102241516, 0.48067227005958557, 0.5025210380554199, 0.48235294222831726, 0.5260504484176636, 0.5260504484176636, 0.5630252361297607, 0.556302547454834, 0.583193302154541, 0.5949580073356628, 0.605042040348053, 0.6252101063728333, 0.6235294342041016, 0.6302521228790283, 0.6504201889038086, 0.6487395167350769, 0.6470588445663452, 0.6436975002288818, 0.6336134672164917, 0.6605042219161987, 0.653781533241272, 0.6672269105911255, 0.6907563209533691, 0.6504201889038086, 0.6386554837226868, 0.6756302714347839, 0.680672287940979, 0.6789916157722473, 0.6924369931221008, 0.6857143044471741, 0.6857143044471741, 0.702521026134491], "loss": [5.013820648193359, 4.254456043243408, 3.7397513389587402, 3.210087299346924, 2.9923861026763916, 2.7418360710144043, 2.528170108795166, 2.3202309608459473, 1.9449799060821533, 1.971116542816162, 1.9758994579315186, 2.029869794845581, 1.7376060485839844, 1.7037264108657837, 1.7193812131881714, 1.5607753992080688, 1.6711708307266235, 1.768688678741455, 1.3835804462432861, 1.5260924100875854, 1.2692574262619019, 1.453894853591919, 1.384481430053711, 1.3081028461456299, 1.4383403062820435, 1.3191622495651245, 1.2567161321640015, 1.3325680494308472, 1.214218258857727, 1.268417239189148, 1.236748218536377, 1.2082430124282837, 1.2893116474151611, 1.0182459354400635, 1.2820613384246826, 1.149702787399292, 1.2522512674331665, 1.0648044347763062, 1.2716847658157349, 1.0729761123657227], "val_accuracy": [0.0, 0.0, 0.00671140942722559, 0.06040268391370773, 0.42953020334243774, 0.5167785286903381, 0.6040268540382385, 0.7382550239562988, 0.7583892345428467, 0.7583892345428467, 0.7583892345428467, 0.7583892345428467, 0.7583892345428467, 0.7583892345428467, 0.7583892345428467, 0.7583892345428467, 0.7583892345428467, 0.7583892345428467, 0.7583892345428467, 0.7583892345428467, 0.7583892345428467, 0.7583892345428467, 0.7583892345428467, 0.7583892345428467, 0.7583892345428467, 0.7583892345428467, 0.7583892345428467, 0.7583892345428467, 0.7583892345428467, 0.7583892345428467, 0.7583892345428467, 0.7583892345428467, 0.7583892345428467, 0.7583892345428467, 0.7583892345428467, 0.7583892345428467, 0.7583892345428467, 0.7583892345428467, 0.7583892345428467, 0.7583892345428467], "val_loss": [2.295423984527588, 2.072629928588867, 1.9111205339431763, 1.6934369802474976, 1.521933674812317, 1.385730266571045, 1.2830959558486938, 1.226628065109253, 1.1519935131072998, 1.1014593839645386, 1.0360181331634521, 0.9789461493492126, 0.8946560621261597, 0.8123723864555359, 0.7933365106582642, 0.7818121314048767, 0.7596021890640259, 0.740424633026123, 0.7309454083442688, 0.7066842913627625, 0.6850616335868835, 0.6796532869338989, 0.6752545833587646, 0.6742037534713745, 0.6670732498168945, 0.6674330830574036, 0.6671501994132996, 0.6697818636894226, 0.6704452037811279, 0.6674225330352783, 0.668634295463562, 0.671329140663147, 0.675629198551178, 0.6783761382102966, 0.6824608445167542, 0.6828545928001404, 0.6843759417533875, 0.6829116940498352, 0.6808347702026367, 0.6799632906913757], "learning_rate": [0.0010000000474974513, 0.0010000000474974513, 0.0010000000474974513, 0.0010000000474974513, 0.0010000000474974513, 0.0010000000474974513, 0.0010000000474974513, 0.0010000000474974513, 0.0010000000474974513, 0.0010000000474974513, 0.0010000000474974513, 0.0010000000474974513, 0.0010000000474974513, 0.0010000000474974513, 0.0010000000474974513, 0.0010000000474974513, 0.0010000000474974513, 0.0010000000474974513, 0.0010000000474974513, 0.0010000000474974513, 0.0010000000474974513, 0.0010000000474974513, 0.0010000000474974513, 0.0010000000474974513, 0.0010000000474974513, 0.0010000000474974513, 0.0010000000474974513, 0.0010000000474974513, 0.0010000000474974513, 0.0010000000474974513, 0.0005000000237487257, 0.0005000000237487257, 0.0005000000237487257, 0.0005000000237487257, 0.0005000000237487257, 0.0002500000118743628, 0.0002500000118743628, 0.0002500000118743628, 0.0002500000118743628, 0.0002500000118743628]}}