{"model_loss": 0.47302401065826416, "model_accuracy": 0.7914438247680664, "training_history": {"accuracy": [0.30588236451148987, 0.3042016923427582, 0.31092438101768494, 0.3193277418613434, 0.3529411852359772, 0.364705890417099, 0.40672269463539124, 0.4000000059604645, 0.46890756487846375, 0.5092437267303467, 0.5025210380554199, 0.49747899174690247, 0.5092437267303467, 0.5529412031173706, 0.5848739743232727, 0.5899159908294678, 0.5798319578170776, 0.6117647290229797, 0.6184874176979065, 0.6117647290229797, 0.6369748115539551, 0.6420168280601501, 0.6672269105911255, 0.6268907785415649, 0.658823549747467, 0.6436975002288818, 0.6739495992660522, 0.6369748115539551, 0.6857143044471741, 0.6672269105911255, 0.6739495992660522, 0.6957983374595642, 0.6873949766159058, 0.6974790096282959, 0.6756302714347839, 0.6789916157722473, 0.6907563209533691, 0.6823529601097107, 0.6991596817970276, 0.702521026134491, 0.702521026134491, 0.6857143044471741, 0.6924369931221008, 0.6773109436035156, 0.6941176652908325, 0.6840336322784424, 0.7126050591468811, 0.702521026134491, 0.6991596817970276, 0.7008403539657593, 0.7142857313156128, 0.6924369931221008, 0.7159664034843445, 0.7092437148094177, 0.6890756487846375, 0.6907563209533691, 0.7109243869781494, 0.7042016983032227, 0.6789916157722473], "loss": [5.151230812072754, 3.733790397644043, 3.812995195388794, 3.1171162128448486, 2.997593641281128, 2.4586851596832275, 2.262335777282715, 2.4112489223480225, 1.987839937210083, 1.9431029558181763, 1.9896026849746704, 1.8830201625823975, 1.9643620252609253, 1.6840147972106934, 1.6772921085357666, 1.5793401002883911, 1.5377914905548096, 1.554248332977295, 1.5070343017578125, 1.4873219728469849, 1.3512555360794067, 1.2671183347702026, 1.2946856021881104, 1.2510056495666504, 1.2912603616714478, 1.5163042545318604, 1.2963451147079468, 1.203203558921814, 1.1852163076400757, 1.0686497688293457, 1.1852113008499146, 1.1752139329910278, 1.2053319215774536, 1.1366451978683472, 1.1430202722549438, 1.101110577583313, 1.1607816219329834, 1.1587975025177002, 1.2215157747268677, 1.1288731098175049, 1.1007863283157349, 1.0782668590545654, 1.1279778480529785, 1.091496467590332, 1.0311839580535889, 1.1244083642959595, 1.0254185199737549, 1.0340396165847778, 1.024303674697876, 1.0917502641677856, 1.0572209358215332, 0.9909336566925049, 1.0929621458053589, 1.1192705631256104, 1.0058934688568115, 1.133545994758606, 0.960457444190979, 1.0232363939285278, 1.0858144760131836], "val_accuracy": [0.0, 0.0, 0.0, 0.11409395933151245, 0.46979865431785583, 0.6644295454025269, 0.7382550239562988, 0.7583892345428467, 0.7583892345428467, 0.7583892345428467, 0.7583892345428467, 0.7583892345428467, 0.7583892345428467, 0.7583892345428467, 0.7583892345428467, 0.7583892345428467, 0.7583892345428467, 0.7583892345428467, 0.7583892345428467, 0.7583892345428467, 0.7583892345428467, 0.7583892345428467, 0.7583892345428467, 0.7583892345428467, 0.7583892345428467, 0.7583892345428467, 0.7583892345428467, 0.7583892345428467, 0.7583892345428467, 0.7583892345428467, 0.7583892345428467, 0.7583892345428467, 0.7583892345428467, 0.7583892345428467, 0.7583892345428467, 0.7583892345428467, 0.7583892345428467, 0.7583892345428467, 0.7583892345428467, 0.7583892345428467, 0.7583892345428467, 0.7583892345428467, 0.7583892345428467, 0.7583892345428467, 0.7583892345428467, 0.7583892345428467, 0.7583892345428467, 0.7583892345428467, 0.7583892345428467, 0.7583892345428467, 0.7583892345428467, 0.7583892345428467, 0.7583892345428467, 0.7583892345428467, 0.7583892345428467, 0.7583892345428467, 0.7583892345428467, 0.7583892345428467, 0.7583892345428467], "val_loss": [2.427706718444824, 2.1114680767059326, 1.8666493892669678, 1.6546088457107544, 1.4760745763778687, 1.325486183166504, 1.2120046615600586, 1.1623013019561768, 1.0336943864822388, 0.9179271459579468, 0.8910704851150513, 0.8879029154777527, 0.8271529674530029, 0.7878668308258057, 0.770054280757904, 0.771563708782196, 0.7597377896308899, 0.7748140692710876, 0.7391595244407654, 0.7369374632835388, 0.7100984454154968, 0.7098804712295532, 0.7131502628326416, 0.7254658341407776, 0.7203112840652466, 0.7234899401664734, 0.7035539150238037, 0.690457820892334, 0.6931086778640747, 0.6966323256492615, 0.7062634229660034, 0.7026801109313965, 0.6969980597496033, 0.6976318359375, 0.6958432197570801, 0.6921287178993225, 0.6875729560852051, 0.6865083575248718, 0.68882817029953, 0.6882156133651733, 0.6871909499168396, 0.6869454383850098, 0.6843253970146179, 0.6820911169052124, 0.6862416863441467, 0.6885231733322144, 0.6864165663719177, 0.6862713694572449, 0.6882023811340332, 0.6907065510749817, 0.6932081580162048, 0.6926993727684021, 0.6919331550598145, 0.6917479634284973, 0.6914052367210388, 0.6910803318023682, 0.6902418732643127, 0.6905777454376221, 0.690912127494812], "learning_rate": [0.0010000000474974513, 0.0010000000474974513, 0.0010000000474974513, 0.0010000000474974513, 0.0010000000474974513, 0.0010000000474974513, 0.0010000000474974513, 0.0010000000474974513, 0.0010000000474974513, 0.0010000000474974513, 0.0010000000474974513, 0.0010000000474974513, 0.0010000000474974513, 0.0010000000474974513, 0.0010000000474974513, 0.0010000000474974513, 0.0010000000474974513, 0.0010000000474974513, 0.0010000000474974513, 0.0010000000474974513, 0.0010000000474974513, 0.0010000000474974513, 0.0010000000474974513, 0.0010000000474974513, 0.0010000000474974513, 0.0010000000474974513, 0.0010000000474974513, 0.0010000000474974513, 0.0010000000474974513, 0.0010000000474974513, 0.0010000000474974513, 0.0010000000474974513, 0.0010000000474974513, 0.0005000000237487257, 0.0005000000237487257, 0.0005000000237487257, 0.0005000000237487257, 0.0005000000237487257, 0.0005000000237487257, 0.0005000000237487257, 0.0005000000237487257, 0.0005000000237487257, 0.0005000000237487257, 0.0005000000237487257, 0.0005000000237487257, 0.0005000000237487257, 0.0005000000237487257, 0.0005000000237487257, 0.0005000000237487257, 0.0002500000118743628, 0.0002500000118743628, 0.0002500000118743628, 0.0002500000118743628, 0.0002500000118743628, 0.0001250000059371814, 0.0001250000059371814, 0.0001250000059371814, 0.0001250000059371814, 0.0001250000059371814]}}