{"model_loss": 0.4490531086921692, "model_accuracy": 0.7914438247680664, "training_history": {"accuracy": [0.2991596758365631, 0.2857142984867096, 0.2991596758365631, 0.3193277418613434, 0.35798320174217224, 0.3478991687297821, 0.38823530077934265, 0.40504202246665955, 0.43697479367256165, 0.43529412150382996, 0.48571428656578064, 0.5042017102241516, 0.507563054561615, 0.561344563961029, 0.5647059082984924, 0.583193302154541, 0.583193302154541, 0.6016806960105896, 0.5848739743232727, 0.6218487620353699, 0.6184874176979065, 0.6252101063728333, 0.6352941393852234, 0.6554622054100037, 0.6672269105911255, 0.6705882549285889, 0.6453781723976135, 0.6773109436035156, 0.6705882549285889, 0.6957983374595642, 0.6857143044471741, 0.6823529601097107, 0.6823529601097107, 0.6857143044471741, 0.6890756487846375, 0.6907563209533691, 0.6941176652908325, 0.6991596817970276, 0.6873949766159058, 0.707563042640686, 0.7042016983032227, 0.6722689270973206], "loss": [4.508514881134033, 3.8498120307922363, 3.2178280353546143, 2.937321424484253, 2.8688414096832275, 2.3560843467712402, 2.4203996658325195, 2.294743776321411, 2.1773130893707275, 2.016573667526245, 1.8750426769256592, 1.7743446826934814, 1.6482946872711182, 1.726881980895996, 1.5389165878295898, 1.5847108364105225, 1.4623308181762695, 1.56012761592865, 1.3173654079437256, 1.3976002931594849, 1.4458030462265015, 1.262779951095581, 1.2952545881271362, 1.2905105352401733, 1.3371963500976562, 1.2400518655776978, 1.2830909490585327, 1.1787946224212646, 1.2983976602554321, 1.1773955821990967, 1.1727889776229858, 1.1107105016708374, 1.1742308139801025, 1.1747281551361084, 1.2077984809875488, 1.2003469467163086, 1.1208363771438599, 1.1231931447982788, 1.0847111940383911, 1.0474532842636108, 1.098036527633667, 1.0578813552856445], "val_accuracy": [0.0, 0.0, 0.0, 0.08053690940141678, 0.4429530203342438, 0.6644295454025269, 0.7583892345428467, 0.7583892345428467, 0.7583892345428467, 0.7583892345428467, 0.7583892345428467, 0.7583892345428467, 0.7583892345428467, 0.7583892345428467, 0.7583892345428467, 0.7583892345428467, 0.7583892345428467, 0.7583892345428467, 0.7583892345428467, 0.7583892345428467, 0.7583892345428467, 0.7583892345428467, 0.7583892345428467, 0.7583892345428467, 0.7583892345428467, 0.7583892345428467, 0.7583892345428467, 0.7583892345428467, 0.7583892345428467, 0.7583892345428467, 0.7583892345428467, 0.7583892345428467, 0.7583892345428467, 0.7583892345428467, 0.7583892345428467, 0.7583892345428467, 0.7583892345428467, 0.7583892345428467, 0.7583892345428467, 0.7583892345428467, 0.7583892345428467, 0.7583892345428467], "val_loss": [2.5150694847106934, 2.222003698348999, 1.917353868484497, 1.688407301902771, 1.501769781112671, 1.3665459156036377, 1.243048906326294, 1.1679353713989258, 1.0661076307296753, 0.9770845770835876, 0.9274792671203613, 0.9029954671859741, 0.8612512946128845, 0.7894184589385986, 0.7574897408485413, 0.7435606122016907, 0.745551347732544, 0.7423335313796997, 0.7436205148696899, 0.750281035900116, 0.7163974046707153, 0.708999752998352, 0.7281673550605774, 0.7167233824729919, 0.7015129923820496, 0.6905965209007263, 0.6866000294685364, 0.6912322640419006, 0.6964532136917114, 0.7018313407897949, 0.7006990313529968, 0.6953139901161194, 0.6964308619499207, 0.6979390382766724, 0.6920363306999207, 0.6910277605056763, 0.6932833194732666, 0.69530189037323, 0.6962367296218872, 0.6936770677566528, 0.6899597644805908, 0.6868016719818115], "learning_rate": [0.0010000000474974513, 0.0010000000474974513, 0.0010000000474974513, 0.0010000000474974513, 0.0010000000474974513, 0.0010000000474974513, 0.0010000000474974513, 0.0010000000474974513, 0.0010000000474974513, 0.0010000000474974513, 0.0010000000474974513, 0.0010000000474974513, 0.0010000000474974513, 0.0010000000474974513, 0.0010000000474974513, 0.0010000000474974513, 0.0010000000474974513, 0.0010000000474974513, 0.0010000000474974513, 0.0010000000474974513, 0.0010000000474974513, 0.0010000000474974513, 0.0010000000474974513, 0.0010000000474974513, 0.0010000000474974513, 0.0010000000474974513, 0.0010000000474974513, 0.0010000000474974513, 0.0010000000474974513, 0.0010000000474974513, 0.0010000000474974513, 0.0010000000474974513, 0.0005000000237487257, 0.0005000000237487257, 0.0005000000237487257, 0.0005000000237487257, 0.0005000000237487257, 0.0002500000118743628, 0.0002500000118743628, 0.0002500000118743628, 0.0002500000118743628, 0.0002500000118743628]}}